Lender Name,Website,Loan Type,State Availability,Max LTV,Min FICO
Civic Financial,www.civicfs.com,N/A,N/A,N/A,N/A
Civic Financial,www.civicfs.com,N/A,N/A,N/A,N/A
Civic Financial,www.civicfs.com,N/A,N/A,N/A,N/A
Civic Financial,www.civicfs.com,N/A,N/A,N/A,N/A
Civic Financial,www.civicfs.com,N/A,N/A,N/A,N/A
Civic Financial,www.civicfs.com,N/A,N/A,N/A,N/A
Civic Financial,www.civicfs.com,N/A,N/A,N/A,N/A
Civic Financial,www.civicfs.com,N/A,N/A,N/A,N/A
Civic Financial,www.civicfs.com,N/A,N/A,N/A,N/A
Civic Financial,www.civicfs.com,N/A,N/A,N/A,N/A
Civic Financial,www.civicfs.com,N/A,N/A,N/A,N/A
Civic Financial,www.civicfs.com,N/A,N/A,N/A,N/A
Lima One Capital LLC,www.limaone.com,N/A,N/A,N/A,N/A
Lima One Capital LLC,www.limaone.com,N/A,N/A,N/A,N/A
Lima One Capital LLC,www.limaone.com,N/A,N/A,N/A,N/A
Lima One Capital LLC,www.limaone.com,N/A,N/A,N/A,N/A
Lima One Capital LLC,www.limaone.com,N/A,N/A,N/A,N/A
Lima One Capital LLC,www.limaone.com,N/A,N/A,N/A,N/A
Lima One Capital LLC,www.limaone.com,N/A,N/A,N/A,N/A
Lima One Capital LLC,www.limaone.com,N/A,N/A,N/A,N/A
Lima One Capital LLC,www.limaone.com,N/A,N/A,N/A,N/A
Lima One Capital LLC,www.limaone.com,N/A,N/A,N/A,N/A
Lima One Capital LLC,www.limaone.com,N/A,N/A,N/A,N/A
Lima One Capital LLC,www.limaone.com,N/A,N/A,N/A,N/A
Lima One Capital LLC,www.limaone.com,N/A,N/A,N/A,N/A
Lima One Capital LLC,www.limaone.com,N/A,N/A,N/A,N/A
Lima One Capital LLC,www.limaone.com,N/A,N/A,N/A,N/A
Lima One Capital LLC,www.limaone.com,N/A,N/A,N/A,N/A
Lima One Capital LLC,www.limaone.com,N/A,N/A,N/A,N/A
Lima One Capital LLC,www.limaone.com,N/A,N/A,N/A,N/A
Lima One Capital LLC,www.limaone.com,N/A,N/A,N/A,N/A
Lima One Capital LLC,www.limaone.com,N/A,N/A,N/A,N/A
Lima One Capital LLC,www.limaone.com,N/A,N/A,N/A,N/A
Lima One Capital LLC,www.limaone.com,N/A,N/A,N/A,N/A
Lima One Capital LLC,www.limaone.com,N/A,N/A,N/A,N/A
Lima One Capital LLC,www.limaone.com,N/A,N/A,N/A,N/A
Accolend,www.accolend.com,N/A,N/A,N/A,N/A
Accolend,www.accolend.com,N/A,N/A,N/A,N/A
Accolend,www.accolend.com,N/A,N/A,N/A,N/A
Accolend,www.accolend.com,N/A,N/A,N/A,N/A
Accolend,www.accolend.com,N/A,N/A,N/A,N/A
Accolend,www.accolend.com,N/A,N/A,N/A,N/A
Accolend,www.accolend.com,N/A,N/A,N/A,N/A
Accolend,www.accolend.com,N/A,N/A,N/A,N/A
Accolend,www.accolend.com,N/A,N/A,N/A,N/A
Accolend,www.accolend.com,N/A,N/A,N/A,N/A
Accolend,www.accolend.com,N/A,N/A,N/A,N/A
Accolend,www.accolend.com,N/A,N/A,N/A,N/A
Accolend,www.accolend.com,N/A,N/A,N/A,N/A
Accolend,www.accolend.com,N/A,N/A,N/A,N/A
Accolend,www.accolend.com,N/A,N/A,N/A,N/A
Accolend,www.accolend.com,N/A,N/A,N/A,N/A
Accolend,www.accolend.com,N/A,N/A,N/A,N/A
Accolend,www.accolend.com,N/A,N/A,N/A,N/A
Accolend,www.accolend.com,N/A,N/A,N/A,N/A
Accolend,www.accolend.com,N/A,N/A,N/A,N/A
Accolend,www.accolend.com,N/A,N/A,N/A,N/A
Accolend,www.accolend.com,N/A,N/A,N/A,N/A
Accolend,www.accolend.com,N/A,N/A,N/A,N/A
Accolend,www.accolend.com,N/A,N/A,N/A,N/A
Aloha Private Capital,www.alohaprivatelending.com,N/A,N/A,N/A,N/A
Aloha Private Capital,www.alohaprivatelending.com,N/A,N/A,N/A,N/A
Aloha Private Capital,www.alohaprivatelending.com,N/A,N/A,N/A,N/A
Aloha Private Capital,www.alohaprivatelending.com,N/A,N/A,N/A,N/A
Aloha Private Capital,www.alohaprivatelending.com,N/A,N/A,N/A,N/A
Aloha Private Capital,www.alohaprivatelending.com,N/A,N/A,N/A,N/A
Aloha Private Capital,www.alohaprivatelending.com,N/A,N/A,N/A,N/A
Aloha Private Capital,www.alohaprivatelending.com,N/A,N/A,N/A,N/A
Aloha Private Capital,www.alohaprivatelending.com,N/A,N/A,N/A,N/A
Aloha Private Capital,www.alohaprivatelending.com,N/A,N/A,N/A,N/A
Aloha Private Capital,www.alohaprivatelending.com,N/A,N/A,N/A,N/A
Aloha Private Capital,www.alohaprivatelending.com,N/A,N/A,N/A,N/A
Aloha Private Capital,www.alohaprivatelending.com,N/A,N/A,N/A,N/A
Aloha Private Capital,www.alohaprivatelending.com,N/A,N/A,N/A,N/A
Aloha Private Capital,www.alohaprivatelending.com,N/A,N/A,N/A,N/A
Aloha Private Capital,www.alohaprivatelending.com,N/A,N/A,N/A,N/A
Aloha Private Capital,www.alohaprivatelending.com,N/A,N/A,N/A,N/A
Aloha Private Capital,www.alohaprivatelending.com,N/A,N/A,N/A,N/A
Aloha Private Capital,www.alohaprivatelending.com,N/A,N/A,N/A,N/A
Aloha Private Capital,www.alohaprivatelending.com,N/A,N/A,N/A,N/A
Aloha Private Capital,www.alohaprivatelending.com,N/A,N/A,N/A,N/A
Aloha Private Capital,www.alohaprivatelending.com,N/A,N/A,N/A,N/A
Aloha Private Capital,www.alohaprivatelending.com,N/A,N/A,N/A,N/A
Aloha Private Capital,www.alohaprivatelending.com,N/A,N/A,N/A,N/A
Aloha Private Capital,www.alohaprivatelending.com,N/A,N/A,N/A,N/A
Aloha Private Capital,www.alohaprivatelending.com,N/A,N/A,N/A,N/A
Aloha Private Capital,www.alohaprivatelending.com,N/A,N/A,N/A,N/A
Aloha Private Capital,www.alohaprivatelending.com,N/A,N/A,N/A,N/A
Aloha Private Capital,www.alohaprivatelending.com,N/A,N/A,N/A,N/A
Aloha Private Capital,www.alohaprivatelending.com,N/A,N/A,N/A,N/A
Aloha Private Capital,www.alohaprivatelending.com,N/A,N/A,N/A,N/A
Aloha Private Capital,www.alohaprivatelending.com,N/A,N/A,N/A,N/A
Aloha Private Capital,www.alohaprivatelending.com,N/A,N/A,N/A,N/A
Aloha Private Capital,www.alohaprivatelending.com,N/A,N/A,N/A,N/A
Aloha Private Capital,www.alohaprivatelending.com,N/A,N/A,N/A,N/A
Aloha Private Capital,www.alohaprivatelending.com,N/A,N/A,N/A,N/A
Aloha Private Capital,www.alohaprivatelending.com,N/A,N/A,N/A,N/A
Aloha Private Capital,www.alohaprivatelending.com,N/A,N/A,N/A,N/A
Aloha Private Capital,www.alohaprivatelending.com,N/A,N/A,N/A,N/A
Aloha Private Capital,www.alohaprivatelending.com,N/A,N/A,N/A,N/A
Aloha Private Capital,www.alohaprivatelending.com,N/A,N/A,N/A,N/A
Aloha Private Capital,www.alohaprivatelending.com,N/A,N/A,N/A,N/A
Aloha Private Capital,www.alohaprivatelending.com,N/A,N/A,N/A,N/A
Aloha Private Capital,www.alohaprivatelending.com,N/A,N/A,N/A,N/A
Aloha Private Capital,www.alohaprivatelending.com,N/A,N/A,N/A,N/A
Aloha Private Capital,www.alohaprivatelending.com,N/A,N/A,N/A,N/A
Aloha Private Capital,www.alohaprivatelending.com,N/A,N/A,N/A,N/A
Aloha Private Capital,www.alohaprivatelending.com,N/A,N/A,N/A,N/A
Aloha Private Capital,www.alohaprivatelending.com,N/A,N/A,N/A,N/A
Aloha Private Capital,www.alohaprivatelending.com,N/A,N/A,N/A,N/A
Aloha Private Capital,www.alohaprivatelending.com,N/A,N/A,N/A,N/A
Aloha Private Capital,www.alohaprivatelending.com,N/A,N/A,N/A,N/A
Aloha Private Capital,www.alohaprivatelending.com,N/A,N/A,N/A,N/A
Aloha Private Capital,www.alohaprivatelending.com,N/A,N/A,N/A,N/A
Aloha Private Capital,www.alohaprivatelending.com,N/A,N/A,N/A,N/A
Aloha Private Capital,www.alohaprivatelending.com,N/A,N/A,N/A,N/A
Aloha Private Capital,www.alohaprivatelending.com,N/A,N/A,N/A,N/A
Aloha Private Capital,www.alohaprivatelending.com,N/A,N/A,N/A,N/A
Aloha Private Capital,www.alohaprivatelending.com,N/A,N/A,N/A,N/A
Aloha Private Capital,www.alohaprivatelending.com,N/A,N/A,N/A,N/A
Aloha Private Capital,www.alohaprivatelending.com,N/A,N/A,N/A,N/A
Capital Fund 1,www.capitalfund1.com,N/A,N/A,N/A,N/A
Capital Fund 1,www.capitalfund1.com,N/A,N/A,N/A,N/A
Capital Fund 1,www.capitalfund1.com,N/A,N/A,N/A,N/A
Capital Fund 1,www.capitalfund1.com,N/A,N/A,N/A,N/A
Capital Fund 1,www.capitalfund1.com,N/A,N/A,N/A,N/A
Capital Fund 1,www.capitalfund1.com,N/A,N/A,N/A,N/A
Capital Fund 1,www.capitalfund1.com,N/A,N/A,N/A,N/A
Capital Fund 1,www.capitalfund1.com,N/A,N/A,N/A,N/A
Capital Fund 1,www.capitalfund1.com,N/A,N/A,N/A,N/A
Capital Fund 1,www.capitalfund1.com,N/A,N/A,N/A,N/A
Capital Fund 1,www.capitalfund1.com,N/A,N/A,N/A,N/A
Capital Fund 1,www.capitalfund1.com,N/A,N/A,N/A,N/A
Capital Fund 1,www.capitalfund1.com,N/A,N/A,N/A,N/A
Capital Fund 1,www.capitalfund1.com,N/A,N/A,N/A,N/A
Capital Fund 1,www.capitalfund1.com,N/A,N/A,N/A,N/A
Capital Fund 1,www.capitalfund1.com,N/A,N/A,N/A,N/A
Capital Fund 1,www.capitalfund1.com,N/A,N/A,N/A,N/A
Capital Fund 1,www.capitalfund1.com,N/A,N/A,N/A,N/A
Capital Fund 1,www.capitalfund1.com,N/A,N/A,N/A,N/A
Capital Fund 1,www.capitalfund1.com,N/A,N/A,N/A,N/A
Capital Fund 1,www.capitalfund1.com,N/A,N/A,N/A,N/A
Capital Fund 1,www.capitalfund1.com,N/A,N/A,N/A,N/A
Capital Fund 1,www.capitalfund1.com,N/A,N/A,N/A,N/A
Capital Fund 1,www.capitalfund1.com,N/A,N/A,N/A,N/A
Capital Fund 1,www.capitalfund1.com,N/A,N/A,N/A,N/A
Capital Fund 1,www.capitalfund1.com,N/A,N/A,N/A,N/A
Capital Fund 1,www.capitalfund1.com,N/A,N/A,N/A,N/A
Capital Fund 1,www.capitalfund1.com,N/A,N/A,N/A,N/A
Capital Fund 1,www.capitalfund1.com,N/A,N/A,N/A,N/A
Capital Fund 1,www.capitalfund1.com,N/A,N/A,N/A,N/A
Capital Fund 1,www.capitalfund1.com,N/A,N/A,N/A,N/A
Capital Fund 1,www.capitalfund1.com,N/A,N/A,N/A,N/A
Capital Fund 1,www.capitalfund1.com,N/A,N/A,N/A,N/A
Capital Fund 1,www.capitalfund1.com,N/A,N/A,N/A,N/A
Capital Fund 1,www.capitalfund1.com,N/A,N/A,N/A,N/A
Capital Fund 1,www.capitalfund1.com,N/A,N/A,N/A,N/A
Capital Fund 1,www.capitalfund1.com,N/A,N/A,N/A,N/A
Capital Fund 1,www.capitalfund1.com,N/A,N/A,N/A,N/A
Capital Fund 1,www.capitalfund1.com,N/A,N/A,N/A,N/A
Capital Fund 1,www.capitalfund1.com,N/A,N/A,N/A,N/A
Capital Fund 1,www.capitalfund1.com,N/A,N/A,N/A,N/A
Capital Fund 1,www.capitalfund1.com,N/A,N/A,N/A,N/A
Capital Fund 1,www.capitalfund1.com,N/A,N/A,N/A,N/A
Capital Fund 1,www.capitalfund1.com,N/A,N/A,N/A,N/A
Capital Fund 1,www.capitalfund1.com,N/A,N/A,N/A,N/A
Capital Fund 1,www.capitalfund1.com,N/A,N/A,N/A,N/A
Capital Fund 1,www.capitalfund1.com,N/A,N/A,N/A,N/A
Capital Fund 1,www.capitalfund1.com,N/A,N/A,N/A,N/A
Capital Fund 1,www.capitalfund1.com,N/A,N/A,N/A,N/A
Capital Fund 1,www.capitalfund1.com,N/A,N/A,N/A,N/A
Capital Fund 1,www.capitalfund1.com,N/A,N/A,N/A,N/A
Capital Fund 1,www.capitalfund1.com,N/A,N/A,N/A,N/A
Capital Fund 1,www.capitalfund1.com,N/A,N/A,N/A,N/A
Capital Fund 1,www.capitalfund1.com,N/A,N/A,N/A,N/A
